﻿<?xml version="1.0" encoding="UTF-8"?>
<customUI onLoad="Ribbon_Load" xmlns="http://schemas.microsoft.com/office/2009/07/customui">
    <ribbon>
        <tabs>
            <tab idMso="TabAddIns" label="ADD-IN X">
                <group id="group1" label="Manage Custom Rule">
                    <button id="btnManageSender" onAction="Controls_OnAction" label="Manage Sender" size="large" getImage="getSenderImage" />
                </group>
            </tab>
        </tabs>
    </ribbon>
  
    <contextMenus>
      <contextMenu idMso="ContextMenuFolder">
        <menu id="btnFarCapMenu" label="FarCap Plugin" getImage="getFarCapImage" getEnabled="mnuFarCapEnable">
          <button id="btnSyncRule" label="Sync Rule" onAction="Controls_OnAction" imageMso="ListSynchronize"  />
        </menu>       
      </contextMenu>
      
       <contextMenu idMso="ContextMenuMailItem">
        <dynamicMenu  id="btnFarCapCategory" label="FarCap Category" getImage="getFarCapImage" getContent="getContent_FarCapCategory"></dynamicMenu>       
      </contextMenu>
  </contextMenus>
  
  

 
</customUI>